Sunny,Rainy,Autumn,Winter,Harmattan
0.5213515371944446,0.4603509295092768,0.9844910762744391,0.5036618354607721,0.2837390227653348
0.754903322684238,0.5498469204278632,0.2972775581878276,0.2594279789664753,0.6717008221848871
0.8799704372255686,0.5295880571316213,0.9274012277467782,0.01642379992396925,0.2760720032274481
0.546319808122145,0.2386599751572723,0.4945819950518064,0.7957256680135228,0.8018269714248685
0.3748636186700044,0.04066018147657346,0.3135130036668955,0.7720615352654183,0.1853858004030021
